
-- Insert sample profiles (these will be linked to real auth users when they sign up)
-- This is just seed data for development/testing

-- Sample notary data (realistic California notaries)
INSERT INTO public.profiles (id, email, full_name, avatar_url) VALUES
('550e8400-e29b-41d4-a716-446655440001', 'sarah.johnson@notary.com', 'Sarah Johnson', 'https://i.pinimg.com/736x/b0/c9/cf/b0c9cf360437f99cdc1e5efeb9283edb.jpg'),
('550e8400-e29b-41d4-a716-446655440002', 'michael.chen@notary.com', 'Michael Chen', 'https://images.unsplash.com/photo-1507003211169-0a1dd7228f2d?w=300&h=300&fit=crop&crop=face'),
('550e8400-e29b-41d4-a716-446655440003', 'emily.davis@notary.com', 'Emily Davis', 'https://images.unsplash.com/photo-1438761681033-6461ffad8d80?w=300&h=300&fit=crop&crop=face'),
('550e8400-e29b-41d4-a716-446655440004', 'david.wilson@notary.com', 'David Wilson', 'https://images.unsplash.com/photo-1472099645785-5658abf4ff4e?w=300&h=300&fit=crop&crop=face'),
('550e8400-e29b-41d4-a716-446655440005', 'lisa.rodriguez@notary.com', 'Lisa Rodriguez', 'https://images.unsplash.com/photo-1544005313-94ddf0286df2?w=300&h=300&fit=crop&crop=face'),
('550e8400-e29b-41d4-a716-446655440006', 'james.taylor@notary.com', 'James Taylor', 'https://images.unsplash.com/photo-1500648767791-00dcc994a43e?w=300&h=300&fit=crop&crop=face'),
('550e8400-e29b-41d4-a716-446655440007', 'maria.garcia@notary.com', 'Maria Garcia', 'https://images.unsplash.com/photo-1557804506-669a67965ba0?w=300&h=300&fit=crop&crop=face'),
('550e8400-e29b-41d4-a716-446655440008', 'robert.brown@notary.com', 'Robert Brown', 'https://images.unsplash.com/photo-1519244703995-f4e0f30006d5?w=300&h=300&fit=crop&crop=face')
ON CONFLICT (id) DO NOTHING;

-- Insert notaries data
INSERT INTO public.notaries (
    id, 
    profile_id, 
    business_name, 
    description, 
    phone, 
    address, 
    city, 
    state, 
    zip_code, 
    latitude, 
    longitude,
    languages, 
    services, 
    hourly_rate, 
    travel_radius, 
    is_mobile, 
    is_online, 
    is_verified,
    rating,
    review_count
) VALUES
(
    '660e8400-e29b-41d4-a716-446655440001',
    '550e8400-e29b-41d4-a716-446655440001',
    'Johnson Legal Services',
    'Experienced notary public specializing in real estate transactions, loan signings, and legal document notarization. Available for mobile services throughout Los Angeles County.',
    '(555) 123-4567',
    '123 Main Street, Suite 200',
    'Los Angeles',
    'CA',
    '90210',
    34.0522,
    -118.2437,
    ARRAY['English', 'Spanish'],
    ARRAY['Real Estate', 'Loan Signings', 'Legal Documents', 'Business Documents'],
    85.00,
    50,
    true,
    true,
    true,
    4.9,
    127
),
(
    '660e8400-e29b-41d4-a716-446655440002',
    '550e8400-e29b-41d4-a716-446655440002',
    'Chen Notary Services',
    'Professional mobile notary with over 10 years of experience. Specializing in business documents, immigration papers, and apostille services.',
    '(555) 234-5678',
    '456 Business Ave',
    'San Francisco',
    'CA',
    '94102',
    37.7749,
    -122.4194,
    ARRAY['English', 'Mandarin', 'Cantonese'],
    ARRAY['Business Documents', 'Immigration', 'Apostille', 'Wills & Trusts'],
    90.00,
    30,
    true,
    true,
    true,
    5.0,
    203
),
(
    '660e8400-e29b-41d4-a716-446655440003',
    '550e8400-e29b-41d4-a716-446655440003',
    'Davis Mobile Notary',
    'Reliable and efficient mobile notary service available 24/7. Specializing in urgent document signings and real estate closings.',
    '(555) 345-6789',
    '789 Oak Street',
    'San Diego',
    'CA',
    '92101',
    32.7157,
    -117.1611,
    ARRAY['English'],
    ARRAY['Real Estate', 'Emergency Services', 'Medical Documents', 'Power of Attorney'],
    80.00,
    40,
    true,
    false,
    true,
    4.8,
    156
),
(
    '660e8400-e29b-41d4-a716-446655440004',
    '550e8400-e29b-41d4-a716-446655440004',
    'Wilson Professional Notary',
    'Certified notary public offering comprehensive notarization services. Expert in corporate documents and complex legal paperwork.',
    '(555) 456-7890',
    '321 Corporate Blvd',
    'Sacramento',
    'CA',
    '95814',
    38.5816,
    -121.4944,
    ARRAY['English', 'Spanish'],
    ARRAY['Corporate Documents', 'Legal Forms', 'Affidavits', 'Contracts'],
    75.00,
    35,
    false,
    true,
    true,
    4.9,
    189
),
(
    '660e8400-e29b-41d4-a716-446655440005',
    '550e8400-e29b-41d4-a716-446655440005',
    'Rodriguez Bilingual Notary',
    'Bilingual notary services in English and Spanish. Specializing in immigration documents, family law papers, and personal documents.',
    '(555) 567-8901',
    '654 Community Street',
    'Fresno',
    'CA',
    '93701',
    36.7378,
    -119.7871,
    ARRAY['English', 'Spanish'],
    ARRAY['Immigration', 'Family Law', 'Personal Documents', 'School Forms'],
    70.00,
    25,
    true,
    true,
    true,
    5.0,
    234
),
(
    '660e8400-e29b-41d4-a716-446655440006',
    '550e8400-e29b-41d4-a716-446655440006',
    'Taylor Express Notary',
    'Fast and reliable notary services with same-day appointments available. Serving the greater Orange County area.',
    '(555) 678-9012',
    '987 Express Lane',
    'Anaheim',
    'CA',
    '92801',
    33.8366,
    -117.9143,
    ARRAY['English'],
    ARRAY['Real Estate', 'Loan Modifications', 'Refinancing', 'Quick Services'],
    95.00,
    45,
    true,
    true,
    true,
    4.7,
    145
),
(
    '660e8400-e29b-41d4-a716-446655440007',
    '550e8400-e29b-41d4-a716-446655440007',
    'Garcia Family Notary',
    'Family-owned notary business serving the community for over 15 years. Trusted for personal and family document needs.',
    '(555) 789-0123',
    '147 Family Court',
    'San Jose',
    'CA',
    '95110',
    37.3382,
    -121.8863,
    ARRAY['English', 'Spanish', 'Tagalog'],
    ARRAY['Family Documents', 'School Forms', 'Medical Power of Attorney', 'Travel Documents'],
    65.00,
    20,
    true,
    false,
    true,
    4.9,
    178
),
(
    '660e8400-e29b-41d4-a716-446655440008',
    '550e8400-e29b-41d4-a716-446655440008',
    'Brown Executive Notary',
    'Executive-level notary services for high-value transactions and sensitive documents. Confidential and professional.',
    '(555) 890-1234',
    '258 Executive Plaza',
    'Beverly Hills',
    'CA',
    '90210',
    34.0736,
    -118.4004,
    ARRAY['English', 'French'],
    ARRAY['Executive Services', 'High-Value Transactions', 'Entertainment Industry', 'Confidential Documents'],
    150.00,
    60,
    true,
    true,
    true,
    4.8,
    167
);

-- Insert sample reviews
INSERT INTO public.reviews (notary_id, reviewer_id, rating, comment, service_date) VALUES
('660e8400-e29b-41d4-a716-446655440001', '550e8400-e29b-41d4-a716-446655440002', 5, 'Excellent service! Sarah was very professional and made the process smooth and easy.', '2024-01-15'),
('660e8400-e29b-41d4-a716-446655440001', '550e8400-e29b-41d4-a716-446655440003', 5, 'Very knowledgeable and efficient. Highly recommend for real estate transactions.', '2024-01-20'),
('660e8400-e29b-41d4-a716-446655440002', '550e8400-e29b-41d4-a716-446655440001', 5, 'Michael provided exceptional service for our business documents. Very thorough and professional.', '2024-01-10'),
('660e8400-e29b-41d4-a716-446655440003', '550e8400-e29b-41d4-a716-446655440004', 4, 'Great mobile service, arrived on time and handled everything professionally.', '2024-01-25'),
('660e8400-e29b-41d4-a716-446655440004', '550e8400-e29b-41d4-a716-446655440005', 5, 'David was very helpful with our corporate documents. Excellent attention to detail.', '2024-01-30'),
('660e8400-e29b-41d4-a716-446655440005', '550e8400-e29b-41d4-a716-446655440006', 5, 'Lisa provided excellent bilingual service. Very patient and helpful.', '2024-02-05'),
('660e8400-e29b-41d4-a716-446655440006', '550e8400-e29b-41d4-a716-446655440007', 5, 'Fast and efficient service. James got everything done quickly without any issues.', '2024-02-10'),
('660e8400-e29b-41d4-a716-446655440007', '550e8400-e29b-41d4-a716-446655440008', 5, 'Maria and her family business provide wonderful personalized service. Highly recommended.', '2024-02-15'),
('660e8400-e29b-41d4-a716-446655440008', '550e8400-e29b-41d4-a716-446655440001', 4, 'Professional executive-level service. Robert handled our high-value transaction with care.', '2024-02-20');

-- Note: The rating and review_count in the notaries table will be automatically updated by the triggers
-- when reviews are inserted, but we've set initial values above for immediate display
